Company,Company Score,Job Title,Location
PepsiCo,3.9,2025 Summer Intern: R&D,"Plano, TX"
ghSMART,4.8,Data Engineer Intern,Remote
PepsiCo,3.9,2025 Summer Intern: eCommerce Data Science,United States
U.S. Bank National Association,3.6,2025 Data Analytics Summer Intern,"Minneapolis, MN"
Plymouth Rock Assurance,3.4,Fall 2024 Data Science/Predictive Modeler Intern,"Woodbridge, NJ"
Brookfield Properties,3.8,Data Analyst Intern,"Charleston, SC"
GE HEALTHCARE,4.2,Edison Engineering Program Intern – Software,"Waukesha, WI"
InComm Payments,3.6,Data Analyst Intern,"Atlanta, GA"
PepsiCo,3.9,2025 Summer Intern: Commerce Data & Technology,United States
Copart,3.5,Data & AI Intern,"Dallas, TX"
20 Digits Inc,3.5,Data Analyst Intern,"Sewell, NJ"
Copart,4.1,Data Engineering Intern,"Dallas, TX"
Oshkosh Corporation,3.2,Data Engineer Intern - Advanced Analytics,"Oshkosh, WI"
CALSTART,4.0,Data Research Intern,Remote
Nissan,3.5,"EV Strategy Data Science Intern- Fall 2024- Franklin, TN","Franklin, TN"
American Crystal Sugar Company,3.7,Analytics & Data Intern,"Moorhead, MN"
WSP,4.1,Data Science Intern - Fall 2024,"Kennesaw, GA"
California Institute of Genetics,3.3,Research Intern,United States
BMW,3.8,"Intern, Commercial Credit and Data Analytics","Columbus, OH"
Everytown for Gun Safety,5.0,Research Intern,United States
PRICE WATERHOUSE COOPERS,4.1,Digital Assurance & Transparency (DAT) Data Intern - Summer 2025,United States
Boston Bolts,3.7,"Academy Data Analyst - Part-time, Remote","Newton, MA"
The University of Chicago,3.2,Temporary Data Engineer/Data Analyst Intern,"Chicago, IL"
Belvedere Trading,3.8,Quantitative Trading Intern - Summer 2025,"Chicago, IL"
Utah Transit Authority,3.8,Data Reporting and Analytics Intern,"Salt Lake City, UT"
ARCO a Family of Construction Companies,3.3,Data Engineer Intern/Co-op,"Saint Louis, MO"
Voya Financial,3.8,Summer 2025 Actuarial Intern,Remote
Hytrol Conveyor Company,4.0,"Data Engineer Intern - Jonesboro, AR","Jonesboro, AR"
CCC Information Services Inc.,3.9,Data Science Fall Internship,"Chicago, IL"
Cargill,4.1,"Software Engineering Intern Summer 2025 - Atlanta, GA","Atlanta, GA"
IDEMIA,4.0,Data Analyst Internship (Fall 2024),"Exton, PA"
First Solar,3.3,Manufacturing Engineering Data Science Intern (Fall 2024),"Perrysburg, OH"
Cargill,3.9,"Trading Data & Analytics Intern Summer 2025 - Minneapolis, MN","Wayzata, MN"
Hytrol Conveyor Company,5.0,"Data Scientist Intern - Jonesboro, AR","Jonesboro, AR"
PepsiCo,4.1,"2025 Summer Intern: Technology Data & Analytics, Data Engineer & Data Science","Purchase, NY"
Peak Nano,4.1,SOFTWARE ENGINEER INTERN,"Macedonia, OH"
Bosch Group,4.0,Mechanical/Automation Engineer Intern,"Sunnyvale, CA"
"Milwaukee Bucks, Inc",4.1,Customer Data Intern,"Milwaukee, WI"
United Nations Development Programme (UNDP),3.8,SDG Impact Intern,Remote
The Cincinnati Insurance Companies,4.6,Student Opportunities - Data Science Intern (PhD candidate) - Fall 2024 (Hybrid),"Fairfield, OH"
Medtronic,3.4,Software Engineering Intern – Summer 2025 (Graduate),"Minneapolis, MN"
The David J. Joseph Company,4.3,IT Intern/Co-op (Spring/Summer 2025),"Cincinnati, OH"
Physicians Mutual,3.6,Data Science Intern (12 Month Onsite Internship),"Omaha, NE"
Greentree Capital,3.8,Diversity Outreach Intern (Remote),Remote
Premier Inc.,4.0,Data Analytics Management Consulting Intern,Remote
Kohler,3.7,Kohler Intern,"Kohler, WI"
Leonardo DRS,3.3,Fall 2024- Pricing Analyst- Intern,"Melbourne, FL"
Castleton Commodities International,3.8,Data Engineering Internship (Summer 2025),"Stamford, CT"
SC2,4.3,Data Analytics Intern,"Peoria, IL"
Master Center for Addiction Medicine,3.3,Billing Data Analytics Intern,"Glen Allen, VA"
"AcreTrader, Inc",3.9,Data Entry Intern,"Fayetteville, AR"
TikTok,3.6,Reporting and Documentation Analyst Intern (TikTok Global Security) - 2025 Summer (BS/MS),"Washington, DC"
PepsiCo,4.1,2025 Summer Intern: Supply Chain,"Purchase, NY"
Prudential,3.4,"Prudential: 2025 Technology & Data, Software Engineering Internship Program","Newark, NJ"
Amex,3.4,"Campus Undergraduate – 2025 US Consumer Services Marketing Summer Internship New York, NY","New York, NY"
Stand Together,3.4,KIP Fall 2024 - Policy Intern - Libertas Institute,Remote
Zeno Group,3.9,"Intern, Analytics","Chicago, IL"
Hasbro,4.3,"Intern - Marketing, Play-Doh (Sept - Dec 2024)","Pawtucket, RI"
SmartDev LLC,4.0,Global health financing intern,Remote
youbloom,3.7,Business Analysis Intern,Remote
SECURA Insurance,3.5,Intern - Actuarial/Data Science,"Neenah, WI"
Databricks,3.3,Software Engineering Intern (2025),"San Francisco, CA"
"Jones Strategy and Consulting Group, LLC",2.9,Business Analyst Intern,United States
CACI,3.9,Data Engineering Intern - Fall 2024,"Charlottesville, VA"
"PHI, Inc.",3.8,Business Development Intern,"Lafayette, LA"
City of Philadelphia,3.8,Data Analyst Intern,"Philadelphia, PA"
Hytrol Conveyor Company,3.6,"Business Analyst Engineer Intern - Jonesboro, AR","Jonesboro, AR"
Eye Care Partners Career Opportunities,3.5,"Data Analyst Intern - Must Live in St. Louis, MO!","Ballwin, MO"
PepsiCo,4.2,2025 Summer Intern: Procurement Intern - Undergrad,"Purchase, NY"
Medtronic,3.9,Summer 2025 Management Information Systems Intern - Undergraduate,"Mounds View, MN"
University Health Partners of Hawaii,3.7,"Digital Health Data Engineer Intern - Hybrid, Part-Time","Honolulu, HI"
Prudential,4.0,"Prudential: 2025 Technology & Data, Data Analytics & Business Systems Internship Program","Newark, NJ"
Universal Service Administrative Company,3.9,Data Strategy Intern- Year Round Internship,"Washington, DC"
SAP,3.7,SAP Ariba iXp Intern - Business Intelligence and Data Analytics,"Indianapolis, IN"
Philadelphia Gas Works,3.8,Data Analytics Intern,"Philadelphia, PA"
ByteDance,3.1,Site Reliability Engineer Intern (Data-Technical Infrastructures-SRE-US)- 2025 Summer (MS),"Seattle, WA"
SES,3.6,Internship - Payload Satellite Engineering: Big Data Sets,"Bristow, VA"
Compsource Mutual Insurance Company,3.7,"Intern, Financial & Actuarial Data Analyst","Oklahoma City, OK"
American Commercial Barge Line,4.0,Supply Chain Data Analyst Intern (Fall 2024),"Jeffersonville, IN"
Sikka Software,3.5,Data Discovery ETL Developer Intern,"San Jose, CA"
Premium Waters,3.2,Intern (Data Coordinator),"Riverside, MO"
Prudential,4.0,"Prudential: 2025 Corporate, Internal Audit Data Analytics Internship Program","Newark, NJ"
Davines Italia spa,3.9,"Marketing Intern, Davines North America",New York State
Northrop Grumman,3.9,2025 Summer Business Management Analyst Intern Linthicum MD,"Linthicum, MD"
"Seminole County, FL",3.6,Student Intern Opportunity - Fire Dept Data Analytics & Visualization,United States
EPMA,3.4,Data Science- Internship opportunity (UT Austin/ University of Texas-San Marcos/ Texas A& M) -Onsite- Austin Tx.,"Austin, TX"
Peloton,3.8,2025 Land Data Management Internship Program,"Katy, TX"
Springer Capital,4.0,Diversity and Equity Initiatives Intern (Remote),Remote
RTI International,4.4,Geospatial Data Analyst Internship,"Durham, NC"
BASF Corporation,3.8,Professional Development Program (PDP) Internship - Data Science Summer 2025,"Florham Park, NJ"
AON Marketing Inc.,3.7,Sales Intern,"Tampa, FL"
Macquarie Group Limited,5.0,2025 Technology Summer Internship Program,"Houston, TX"
State Farm,3.4,2025 Summer Intern - P&C Actuarial,"Bloomington, IL"
ConocoPhillips,3.0,2025 Actuary Analyst Intern,Remote
PCORI,4.2,"Intern, Information Technology 2025 (CONV)","Bartlesville, OK"
Micron,2.0,Fall Intern - Procurement,"Washington, DC"
AbbVie,3.4,"Intern - Yield Enhancement, Data Analysis","Boise, ID"
Kadant Black Clawson,4.1,2025 Finance Intern,"North Chicago, IL"
PRICE WATERHOUSE COOPERS,3.9,Engineering Intern - Data Analytics,"Lebanon, OH"
Keymanna Management,3.9,Tax Technology Intern - Summer 2025,"Los Angeles, CA"
Legrand North America,2.8,Intern- Event Management,Remote
Activation Capital,3.5,Supply Chain Intern,United States
Stonersville F.C. Flames,4.1,Project Management Intern,"Richmond, VA"
News Corp,3.9,Sales/Marketing Intern,Remote
Sapna NYC Inc.,2.9,AI Engineering Intern,"New York, NY"
Dover Food Retail,5.0,"Sapna NYC Data, Research, & Communications Intern","Bronx, NY"
CyberSC,4.1,"Intern, Product Management","Conyers, GA"
RippleMatch Opportunities,3.8,Digital Marketing Intern - Events,Remote
Belt Power,3.7,"Business Intelligence Intern, application via RippleMatch","Denver, CO"
Stand Together,4.2,Business Analytics Intern,"Marietta, GA"
Hunter Engineering Company,3.6,KIP Fall 2024 - Training and Education Intern - Atlas Network,Remote
GLOBAL Healing Creative Arts Therapy Studio,4.1,Digital Marketing Intern,"Bridgeton, MO"
Hilltop Holdings,3.9,Supply Chain Intern,"New Baltimore, MI"
ZAGG Inc,4.6,Quantitative Analytics Intern,"Dallas, TX"
Isuzu,4.4,Product Management Intern,"Midvale, UT"
ASPCA,4.2,Commercial Vehicle Engineering Intern,"Plymouth, MI"
DSM,4.0,Internship and Data Coordinator,"San Francisco, CA"
Moda Health,4.4,RA Data Analytics Apprentice,Connecticut
Peak Nano,3.3,Provider Analytics Intern,"Portland, OR"
Amex,3.3,AI/ML DEVELOPMENTAL INTERN,"Macedonia, OH"
ATPCO,2.0,"Campus Undergraduate - 2025 Finance Summer Internship New York, NY",United States
ByteDance,3.1,Systems Engineer Intern,"Dulles, VA"
Schneider Electric,4.0,Software Engineer Intern (Data Management Suite-Globalization) - 2025 Summer/Fall (BS/MS),"San Jose, CA"
ZS Associates,3.8,Data Analytics/Procurement Intern,"Nashville, TN"
Taft Museum of Art,4.4,Decision Analytics Associate - Intern (North America - University Students),"Princeton, NJ"
Arrowstreet Capital,3.2,Museum Data Collection Intern,"Cincinnati, OH"
Tenaris,4.0,"Quantitative Developer Intern, Summer 2025","Boston, MA"
Maricopa Association of Governments,3.1,Communications Intern,"Houston, TX"
Arrowstreet Capital,4.1,Transportation Data Intern,"Phoenix, AZ"
University of Utah Health,3.3,"Quantitative Researcher Intern, Summer 2025","Boston, MA"
Aqua Rocks Colorado,3.8,Analytics Intern,"Salt Lake City, UT"
Greentree Capital,3.8,Paid Marketing Intern,"Commerce City, CO"
EMD Electronics,3.6,Diversity and Equity Initiatives Intern (Remote),Remote
Splunk,3.8,Maintenance Co-op,"Branchburg, NJ"
Sammons Financial Group,3.7,Applied Scientist Intern - PhD (US Remote - Fall 2024),Colorado
Springer Capital,3.6,Actuarial Intern - Part-Time 24/25 School Year,Iowa
TikTok,3.5,Inclusion Strategy Intern (Remote),Remote
TikTok,3.4,Security Data Scientist Intern (Security Execution and Performance) - 2025 Summer (BS/MS),"San Jose, CA"
i3 Assembly,3.3,Machine Learning Engineer Intern (Risk Data Mining) - 2025 Summer (PhD),"San Jose, CA"
Metrex,3.6,"Intern, Quality Engineer","Binghamton, NY"
SiMa Technologies,4.1,Technical Research Intern,"Brea, CA"
Elanco,3.3,Computer Vision Intern (AI2338),"San Jose, CA"
Walter P Moore,3.7,IT Data Analyst Intern,"Greenfield, IN"
Data Device Corporation,4.2,Project Assistant Intern,"Orlando, FL"
RTI International,3.9,Quality Engineer Intern,"Poway, CA"
NJEDA,3.2,Geospatial Data Analyst Internship,"Durham, NC"
Amex,4.3,IT / Portal CRM Developer Intern,New Jersey
Salina Regional Health Center,3.5,"Campus Undergraduate – 2025 US Consumer Services Data Analytics Summer Internship New York, NY",United States
Leaner Creamer,3.6,INFORMATION TECHNOLOGY INTERN,"Salina, KS"
D.C. Witness,3.6,Pinterest Marketing Intern,"Los Angeles, CA"
Baylor College of Medicine,3.7,Editorial Intern,"Washington, DC"
Joby Aviation,3.8,Intern/Aide,United States
VIP Detailing NJ LLC,5.0,Flight Control Systems Intern,"Santa Cruz, CA"
Yancey Bros. Co.,3.4,Sales Intern,"Elizabeth, NJ"
Applexus,4.2,Product Support Data Interns,"Austell, GA"
Vanguard,3.3,SAP Analytics Cloud (SAC) Intern,"Seattle, WA"
Deceuninck North America,3.7,College to Corporate Internship – Data Analyst Advanced Development Program,"Charlotte, NC"
Isuzu,3.6,Engineering Intern (Spring 2025),"Monroe, OH"
"Proliance Surgeons, Inc.",3.8,CV Testing & MBD Intern,"Plymouth, MI"
TikTok,4.3,Operations Intern,"Issaquah, WA"
State Council of Higher Educ,3.2,"Backend Software Engineer Intern (TikTok Data Ecosystem, Data Lake) - 2025 Summer (BS/MS)","San Jose, CA"
South Dakota State Government,3.2,Virginia Talent + Opportunity Partnership Data Analytics Intern (#W0018),"Richmond, VA"
Amex,3.6,Intern- Hatchery (Spring),"Spearfish, SD"
Cobalt Stages,3.7,"Campus Undergraduate - 2025 Global Servicing & Business Strategy Summer Internship Sunrise, FL","Sunrise, FL"
TikTok,3.7,Film Production Intern,"Woodstock, NY"
IGT,2.4,Ad Data Solutions Intern (Global Business Solutions - Data Analytics) - 2025 Summer/Fall (BS/MS/MBA/PhD),United States
Great American Insurance Company,4.1,Market Research Analyst Intern,"Austin, TX"
Simon-Kucher & Partners,3.9,Actuarial Intern - Summer 2025,"Cincinnati, OH"
"Viamatrix, Inc.",3.0,[UG/MS] Summer 2025 Intern/Associate Consultant - Americas Division,"Atlanta, IN"
Mars,3.3,Global Fuels Intern Analyst,"Charlotte, NC"
"Berry Global, Inc",3.0,"Summer 2025 Mars Wrigley Research & Development Internship - Chicago, IL","Chicago, IL"
Entergy Corporation,3.4,"PT BUSINESS ANALYTICS INTERN, YEAR ROUND","Evansville, IN"
Menards,4.3,"(Spring 2025) Student, Intern - Consolidated Security Operations Center Analyst (CSOC)","The Woodlands, TX"
New England Aquarium,3.4,Information Systems Internship,"Eau Claire, WI"
Speedway Motors Inc.,3.7,Volunteer Database Management Intern (Fall 2024),"Boston, MA"
Relay,3.4,Financial Analyst Intern,"Lincoln, NE"
Stand Together,3.3,Finance Intern (Financial Planning + Analysis),"Raleigh, NC"
RippleMatch Opportunities,2.9,KIP Fall 2024 - Media Intern - The Knee Regulatory Research Center,United States
TikTok,3.7,"KPMG - Tax Intern (Winter 2025), application via RippleMatch","Minneapolis, MN"
IESC – the International Executive Service Corps,3.5,Information Governance Intern (Data Protection) - 2025 Summer (BS/MS),"San Jose, CA"
ZS,4.2,Internship Program,Georgia
Riveron,3.8,Business Technology Solutions Associate - Intern,"Evanston, IL"
Infinity Energy,4.2,Business Transformation - Intern,"Chicago, IL"
Mars,3.9,Business Development Intern,"Orange, CA"
"Bank of China Limited, New York Branch",5.0,"Summer 2025 Mars Wrigley Procurement - Supply Chain Management Internship - Hackettstown, NJ","Hackettstown, NJ"
FloSports,3.8,ADC/RSD Information/Cybersecurity Intern,United States
Mountainland Association of Governments,3.9,Fall Internship - Global Partnerships,Remote
ByteDance,3.6,GIS Data Intern,"Orem, UT"
ByteDance,5.0,Machine Learning Engineer Intern (E-commerce Governance Algorithms) - 2025 Summer/Fall (BS/MS),"San Jose, CA"
United Soccer League,4.0,Relational Database Intern (Data Tech Infra) - 2025 Summer (MS),"San Jose, CA"
Springer Capital,3.9,Technology & Data Services UWEP Internship - Fall 2024,Remote
BCC Engineering,5.0,Diversity Outreach Intern (Remote),Remote
"florrent, Inc.",3.7,Roadway Design Intern,"Altamonte Springs, FL"
Capital One,3.7,Marketing & Operations Intern/Co-op,"Somerville, MA"
MARA,3.2,Current PhD - Data Science Internship - Summer 2025,"McLean, VA"
New America,3.9,Part-time Software Development Engineer in Test Intern,"Dallas, TX"
Engineersmind,2.0,"Fall 2024-Industrial Engineering Intern (MLB, FL)","Melbourne, FL"
Children's Legacy Center,4.1,Students/Graduates,New Jersey
The Salvation Army National Headquarters,3.3,Research Assistant Intern,"Redding, CA"
Mars,4.3,Livelihoods Intern,"Alexandria, VA"
Cleveland Metropolitan School District,2.3,"Summer 2025 Mars Wrigley Supply Chain Internship - Hackettstown, NJ","Hackettstown, NJ"
ExxonMobil,3.7,College Intern - Internal Audit,"Cleveland, OH"
Cal “Cash” Jackson-Green Jr . For City Council,2.9,PhD Students Seeking Internship Opportunities,"Houston, TX"
"Y-UNIVERSE, INC",3.9,Campaign Intern,"Virginia Beach, VA"
Commonwealth of PA,3.7,Marketing intern(E-Commerce),"Los Angeles, CA"
Astrobotic Technology Inc,3.0,Office of Health Equity Policy Intern (College),"Colonial Park, Dauphin, PA"
Allegheny County Department of Human Services,3.6,Fall Internship 2024 - Propulsion & Test,"Mojave, CA"
Vanguard,3.5,Internships at DHS,"Pittsburgh, PA"
Westinghouse Electric Co,4.2,Data Scientist Advanced Development Program Internship,"Charlotte, NC"
Social May Media LLC,4.2,eVinci Operations Engineering Intern,"Etna, PA"
Council on Foreign Relations,3.1,Project Manager Internship,Remote
Tabyt,1.6,"Internship, Foreign Affairs, Marketing Product, Fall 2024",United States
RippleMatch Opportunities,3.8,Intern - Research Data Assistant (2 Vacancies),"Atlanta, GA"
The Erosion Company,3.1,"GSK - Fall Co-op/Drug Product Development, application via RippleMatch",United States
PNG WORLDWIDE,3.8,Commercial Analytics Summer 2025 Internship,"Jacksonville, FL"
NFP Corp,3.8,Supply Chain Analytics Intern,"Lititz, PA"
"Sony Pictures Entertainment, Inc.",3.2,Fall Co-op Intern - Analytics Analyst,"Norwell, MA"
"Isuzu Technical Center of America, Inc. (ITCA)",3.9,"Social Analytics & Insights Intern, SPT Research – Fall 2024","Culver City, CA"
EVERSOURCE,4.1,CV Testing & MBD Intern,"Plymouth, MI"
Advanced Technology Search Group,4.1,Solar Program Intern,"Westwood, MA"
Los Alamos National Laboratory,3.0,Marketing Internship,Remote
Eaton,3.5,Biomedical Sciences Post-Baccalaureate Intern,"Los Alamos, NM"
"ClariMed, Inc.",3.8,Internship Program: Information Technology,"Coraopolis, PA"
Strider Technologies,3.9,"Human Factors Engineering Intern -San Jose, CA","San Jose, CA"
The Education Trust,3.7,Intelligence Specialist Internship - China Focus,"South Jordan, UT"
WSP,4.4,Higher Ed Research Intern,"Washington, DC"
CGT,4.0,Zero-Emission Vehicle Planning Intern - Fall 2024,"New York, NY"
"ENGIE ENERGY MARKETING NA, INC.",3.7,Engineering Intern,"New Braunfels, TX"
American Counseling Association,3.8,Intern - Power Congestion,"Houston, TX"
PRISM,3.5,Education Intern,"Alexandria, VA"
TruText,3.7,Intern - Risk Control,"Folsom, CA"
Amex,3.5,Marketing Intern - SaaS Startup (Growth Focused),Pennsylvania
Michigan Sugar Company,3.6,"Campus Undergraduate - 2025 Internal Audit Group Staff Auditor Summer Internship Salt Lake City, UT","Salt Lake City, UT"
Consumer Technology Association,3.1,Finance Intern,"Bay City, MI"
Prospect Select Baseball,4.1,Web Content Intern (Up to 11 mos.),"Arlington, VA"
Prime AE Group Inc,3.7,Fall Data Analytics Internship - National,"Jupiter, FL"
The MITRE Corporation,4.0,Engineering Intern,"Jacksonville, FL"
Alcatel-Lucent,3.3,Data Science / Math / Statistics / Operations Research Internships,"McLean, VA"
Open Road Media,3.8,"Intern, Sales Analyst","Thousand Oaks, CA"
OED,3.7,Marketing Analytics Intern – Paid Fall 2024,United States
MyMichigan Health,3.3,Entry Level Event Assistant,"Richmond, VA"
Tesla,3.8,Behavioral Health Intern,"Alma, MI"
RippleMatch Opportunities,2.4,"Internship, Integration Engineer, Autonomy (Winter/Spring 2025)","Palo Alto, CA"
Neil Parrott Campaign,4.0,"Alliance Technical Group - Engineering Intern, application via RippleMatch","Baton Rouge, LA"
Schneider Electric,3.1,August Congressional Campaign Intern,"Hagerstown, MD"
Briggs & Stratton,3.3,Quality Engineer CO-OP (Fall 2024),"Mechanicsburg, PA"
Bristol-Myers Squibb,3.9,IT Security Intern,"Wauwatosa, WI"
OsborneKlein (Ameriprise Financial),4.1,Sales & Operations Intern,"Hughson, CA"
The Bank of New York Mellon Corporation,3.6,Intern - Technical Analysis,"Portage, MI"
Brookfield Properties,4.3,2025 BNY Summer Internship Program - Engineering (Data Science),"Pittsburgh, PA"
CVS Health,4.1,Revenue Management Intern,"Charleston, SC"
Simplot,4.0,Actuarial Corporate Intern - 2025,"Hartford, CT"
EY,4.2,"Quality Assurance Intern - Caldwell, ID","Caldwell, ID"
Harry and David,4.1,San Juan - Assurance - Audit - Winter Intern - FY25,"San Juan, PR"
Delve,3.9,Research & Development Internship,"Medford, OR"
Kaiser Permanente,4.1,Digital Marketing Intern (Creative Division),"Boulder, CO"
Council Of State And Territorial Epidemiologists,3.8,Project Manager Bachelor's Intern,"Los Angeles, CA"
The Cincinnati Insurance Companies,3.9,Intern-Training,"Atlanta, GA"
Albatrans Inc,4.1,Student Opportunities - Actuarial Internship - Summer 2025 (Hybrid),"Fairfield, OH"
"City of Columbia, MO",4.3,Sales and Marketing Intern,"Edison, NJ"
Gwinnett County,4.2,Public Finance/Data Science Internship (Temporary - Part time),"Columbia, MO"
DSM,3.3,Part-time Laboratory Technician Intern (Technical Services),United States
"Sanborn, Head & Associates, Inc.",4.3,Apprentice Supply Chain Controlling,Connecticut
Energy Impact Partners,4.2,Developer Internship,"Boston, MA"
Deloitte,3.6,"Intern, Financial Analytics","Washington, DC"
L3Harris Technologies,4.1,Deloitte Government & Public Services Risk & Financial Advisory Intern - Analytics - Summer 2025,"Rosslyn, VA"
Continental,3.3,"Intern, Additive Manufacturing","Daytona Beach, FL"
The Bank of New York Mellon Corporation,3.8,Production Planning Intern,"Halstead, KS"
Cryoport Systems,3.7,"2025 BNY Summer Internship Program – BNY Wealth (Dallas, TX)","Dallas, TX"
Tesla,5.0,Product Management and Marketing Intern,"Irvine, CA"
Luo & Associates Law Group,3.2,"Internship, Fullstack Engineer, AI Tooling (Winter/Spring 2025)","Palo Alto, CA"
InComm Payments,3.7,Digital Marketing Intern,Manhattan
New York State Housing Finance Agency,4.0,Product Implementation Intern,"Atlanta, GA"
Volvo Group,4.2,Research and Strategic Analysis Intern,United States
David Pan for Congress 2024,3.1,Intern: Enterprise Architecture (Spring 2025),"Greensboro, NC"
Zel Technologies,3.8,Political Internship,"Orange, CA"
Baltimore Witness,3.7,Legal Skillbridge Intern,United States
AbbVie,3.5,Editorial Intern,"Baltimore, MD"
Purecars,3.3,2025 Operations Intern,"North Chicago, IL"
Medtronic,3.9,"Ad Operations Specialist, Enterprise Dealer Groups","Atlanta, GA"
ByteDance,3.5,Quality Engineering Intern – Summer 2025 (Graduate),"Minneapolis, MN"
TikTok,3.9,Data Scientist Intern (E-commerce Governance Algorithms) - 2025 Summer/Fall (BS/MS),"Seattle, WA"
Continental,3.4,Sales Intern (Global Business Solutions -US Enterprise-Tech Telcom & Travel) - 2025 Summer (BS/MS),"Los Angeles, CA"
"Morris Speech Therapy Associates, LLC",3.7,"Intern - Demand & Supply Balancing Analyst Intern, Year-Round","Fort Mill, SC"
BD,3.3,W League Operations UWEP Internship - Fall 2024,Remote
Ormco,4.1,2025 BD Summer Internship Program - Edge Intern (Technology & Global Services),"Franklin Lakes, NJ"
Cooper University Health Care,2.7,R&D Engineering Intern,"Brea, CA"
Metropolitan Area Planning Council,3.7,ENTERPRISE ANALYTICS INTERN,"Camden, NJ"
pSemi,3.8,Environmental Planning Intern,"Boston, MA"
Symbrosia Inc.,3.9,"Intern, Characterization Device Modeling - Summer 2024",United States
SLAC National Accelerator Laboratory,3.3,Animal Science Internship,Remote
Deceuninck North America,4.5,Intern - Controls and Data Systems Engineering,"Menlo Park, CA"
Mars,3.9,Environmental Health & Safety Intern (Spring 2025),"Monroe, OH"
Volvo Group,3.7,"Summer 2025 Mars Petcare Research and Development - Packaging Co-Op - Franklin, TN","Franklin, TN"
Cargill,4.4,Co-Op: Quality - Digitization (Spring 2025),"Hagerstown, MD"
Council on Foreign Relations,3.8,"Food Safety, Quality and Regulatory Intern - Summer 2025","Wayzata, MN"
Michelin,3.3,"Internship, Digital Content, Editorial, Fall 2024","Washington, DC"
"Advanced Energy Industries, Inc.",4.1,"2024 Fall Engineering Intern / Co-Op_Covington, GA","Covington, GA"
Volvo Group,3.5,Intern/Co-Op - Chemical Engineer - Fall 2024,"Milpitas, CA"
Atrium Health,3.7,Intern: Business Control (Fall 2024),"Greensboro, NC"
Altria,3.5,Student Intern - Rise to Success,"Rome, GA"
EN-POWER GROUP,4.0,Undergraduate Intern Sales - TMCF,United States
Accial Capital,3.1,Excel/VBA Solutions Intern,"New York, NY"
Mars,4.3,Impact Reporting Consultant (Intern),Remote
"Delta Air Lines, Inc.",3.1,"Summer 2025 Mars Wrigley Strategic Sales Internship Newark, NJ","Newark, NJ"
TikTok,4.0,"Graduate Intern - Optimization (Spring, 2025)","Atlanta, GA"
"Isuzu Technical Center of America, Inc. (ITCA)",4.3,Product Partnerships MBA Intern (Monetization Product Partnerships) - 2025 Summer (MBA),"New York, NY"
Mars,4.1,Commercial Vehicle Engineering Intern,"Plymouth, MI"
Council on Foreign Relations,4.2,"Summer 2025 Mars Wrigley Research & Development - Hackettstown, NJ","Hackettstown, NJ"
TaxSlayer,2.9,"Internship, Education, Written Content, Fall 2024",United States
Honeywell,4.3,"Governance, Risk and Compliance Analyst - INTERN","Augusta, GA"
TikTok,3.9,High School Manufacturing Intern - Spring 2025 (US Persons),"Phoenix, AZ"
Great Southern Wood Preserving,3.8,Product Manager MBA Intern (Ad Signal Product)- 2025 Summer/Fall (BS/MS/MBA/PhD),"San Jose, CA"
MSA Safety,3.8,Analytics Intern,"Abbeville, AL"
Juvena Therapeutics,3.7,Business Process Intern (Fall 2024),"Ada, OK"
Delve,3.6,Research Associate (Intern),"Redwood City, CA"
City of San Antonio,3.8,Digital Marketing Intern (Creative Division),"Denver, CO"
RTI International,2.0,Council Student Intern I,"San Antonio, TX"
Trove Brands,3.7,Geospatial Data Analyst Internship,"Durham, NC"
NJEDA,3.9,Supply Chain Processing Analyst Intern,"Lehi, UT"
BOEING,3.5,Product Operations Intern,New Jersey
Groupe Kering,3.2,"Boeing Summer 2025 Internship Program (Paid) – Environment, Health, and Safety (EHS) and Sustainability","Everett, WA"
Tesla,3.5,KERING EYEWEAR Sales Brand Ambassador Intern,"New York, NY"
TikTok,3.9,"Internship, Body Controls Systems Integration Engineer, Vehicle Firmware (Winter/Spring 2025)","Palo Alto, CA"
Kuhlman Corporation,3.6,Product Marketing Manager Intern (TikTok Shop Seller Platform)- 2025 Summer (MBA),"Seattle, WA"
PNC Financial Services Group,3.1,Quality Control Intern,"Toledo, OH"
CEDARS-SINAI,3.2,Quantitative Analytics Undergraduate Intern,"Pittsburgh, PA"
Spectrum Killian Dental Lab Alliance,3.3,"Master's Level Research Intern - Neurology - Simpkins Lab (On-Site, Academic Credit)","Los Angeles, CA"
Oak View Group,3.9,Engineering Intern,"West Hills, CA"
World Wildlife Fund,3.3,Fall Intern - Crown Properties Collection,United States
Dairy Management Inc.,3.9,IN-25002 Digital Streaming Engagement Intern,"Washington, DC"
Upper Valley Nighthawks,4.2,"PR & Digital Communications Intern, GENYOUth",Remote
TikTok,3.9,Synergy Data Operator (2025),"Hartford, VT"
Hewlett Packard,3.8,Strategic Operations Intern (GBS- Monetization Strategy and Operations)- 2025 Summer (MBA),United States
Think Academy US,3.7,HP Inc. Workforce Services & Solutions Team Business Management Internship,"Spring, TX"
New York Life Insurance Co,4.4,User Research Intern - Mandarin Required,"Cupertino, CA"
GLOBAL Healing Creative Arts Therapy Studio,3.3,2025 Asset Liability Management Summer Internship,United States
Medtronic,4.0,College Internship,"Riverdale, GA"
Arkema,3.6,R&D Engineering Intern – Summer 2025 (Graduate),"Minneapolis, MN"
TikTok,3.2,R&D - Intern PEKK Job,"Mobile, AL"
Campus Opportunities,3.8,Product Manager MBA Intern (TikTok Shop Seller Experience)- 2025 Summer (MBA),"Seattle, WA"
Mars,4.3,Advisory MC Intern Fall 2024,United States
"City of Lewisville, TX",4.6,Campaign Intern,"Washington, DC"
WSP,3.2,Intern - Sustainability,"Lewisville, TX"
Lawrence Livermore National Laboratory,3.9,Environmental Engineering Intern - Fall 2024,"Norcross, GA"
Aon Corporation,3.0,Materials Engineering Division Graduate Intern - Fall 2024,"Livermore, CA"
DR ELECTRIC,3.8,Early Careers: Actuarial Intern,"Chicago, IL"
TikTok,4.0,Architect Intern,"Philadelphia, PA"
Indiana University,3.4,"Program Manager Intern, Product Operations (Signal Operations SMB)- 2025 Summer (BS/MS)","Austin, TX"
Day & Zimmermann,4.5,Part-Time Student Bepko Intern - Research Analytics Internship,"Bloomington, IN"
LG&E and KU Services Company,4.0,Mechanical Intern,"Huntsville, AL"
Kansas Department of Labor,4.3,Engineer Intern,"Lexington, KY"
Nestlé Purina Pet Care,4.2,Intern: Web Design and Database,"Topeka, KS"
North American Electric Reliability Corporation,3.7,Manufacturing Excellence Intern,"Flagstaff, AZ"
Mars,3.3,"Intern, Internal Audit and Advisory Services (IAAS)","Atlanta, GA"
Cart.com,3.4,"Summer 2025 Mars Petcare Supply Chain Business Systems Internship - Franklin, TN","Franklin, TN"
GE Aviation,4.2,Associate Brand/ Brand Manager- Amazon Marketplace,Texas
Michigan State University,2.6,GE Aerospace US Digital Technology Intern - Summer 2025,"Evendale, OH"
"City of Huntington Beach, CA",4.6,Professional Aide,"East Lansing, MI"
RippleMatch Opportunities,3.9,COLLEGE INTERN I-III/GRADUATE INTERN,"Huntington Beach, CA"
Connect for Health Colorado,3.8,"GSK - Summer Co-op/Process Modelling and Simulation, application via RippleMatch",Upper Providence Township
"DiverseAllen Horizons, Inc.",4.0,Policy Intern,"Denver, CO"
Lucid Software,3.2,DFA IT Process Improvement Intern AY2024-25,"Corvallis, OR"
Medtronic,3.7,Customer Operations Intern,"Salt Lake City, UT"
Genworth,4.2,Operations Engineering Intern – Summer 2025 (Graduate),"Minneapolis, MN"
1Oklahoma,3.7,IT Development Program Internship,"Richmond, VA"
Love's Travel Stops & Country Stores,4.0,Merchandise Intern,"Norman, OK"
Prudential,3.5,Merchandising Analytics Intern (Summer 2025),"Oklahoma City, OK"
Stantec,4.3,"PGIM: 2025 Operations & Innovation, Innovation & Analytics Internship Program","Newark, NJ"
The Gerken Companies,4.2,Traffic Engineer Intern / Co-Op - Transportation (Fall 2024),"New York, NY"
STASIS DRILLING SOLUTIONS,3.4,Quality Control Intern,"Toledo, OH"
Ervin Cable,3.7,Engineering Intern,"Houston, TX"
Discover Financial Services,4.0,Intern,"Sturgis, KY"
EO of Energy and Env Affairs,4.5,Emerging Talent Digital Sourcing Lead,"Chicago, IL"
Juno Tech Corp,4.1,Environmental Justice Intern,"Boston, MA"
Radiant Digital,3.8,TikTok E-Commerce Account Operations Intern,"New York, NY"
State of Arizona,4.4,Research intern with public policy education,"Vienna, VA"
ENGIE North America Inc.,3.6,Demand Analysis Intern,"Phoenix, AZ"
"UTZ Brands, Inc",3.2,"Intern, Customer Analytics & Strategy Engagement","Houston, TX"
NJEDA,4.0,Supply Chain Internship: Part Time: Fall Semester,"Hanover, PA"
Living Cities,4.2,Fall Film Intern,"Newark, NJ"
"Pact, Inc.",4.4,Fall 2024 Internship Program,"York, WA"
Simon-Kucher & Partners,3.9,CSM-STAND Intern,"Washington, DC"
MacLean-Fogg,3.6,[UG/MS] Summer 2025 Intern/Associate Consultant - Healthcare & Life Sciences Division,"Boston, NY"
GE Vernova Strategy & Innovation,3.8,Digital Adoption Intern,"Mundelein, IL"
RippleMatch Opportunities,4.2,GE Vernova Advanced Research - 2025 Edison Program Internship,"Niskayuna, NY"
"Terracon Consultants, Inc.",4.0,"Vertex Pharmaceuticals - Vertex 2024 Fall Co-op, Technical Operations, application via RippleMatch","Boston, MA"
Eskenazi Health,3.3,Engineering Intern,"Williamsburg, VA"
"MCA, Inc",4.0,FOOD & CONSUMER SAFETY INTERN,"Indianapolis, IN"
"Northrock Partners, LLC",3.8,Business Operations Analyst - Internship,"Grand Blanc, MI"
Salas O'Brien,3.8,"Intern, Operations (Fall 2024)","Minneapolis, MN"
TimkenSteel.,3.9,"2024-2025 Fall Internship, Co-Op College Career Opportunities",United States
Dolby,4.3,Supply Chain Planning Intern,"Canton, OH"
Wells Fargo,4.0,"Research Intern, AI Quality (Fall 24)","Sunnyvale, CA"
FloSports,3.4,2025 Summer Internship Quantitative Analytics Program (Master's) - Early Careers,"Charlotte, NC"
LGI Branding LLC,5.0,Fall Internship - Events Coordinator,"Austin, TX"
GID Investment Advisers LLC,4.7,Research Intern,"Tulsa, OK"
FC Dallas,2.8,"Summer 2025 Real Estate Internship - Dallas, TX","Dallas, TX"
Community Counseling Centers Of Chicago,3.5,Scouting Intern 2024 Season,"Frisco, TX"
Infrastructure Consulting & Engineering,4.3,Development Intern,"Chicago, IL"
Boston Public Health Commission,3.2,Roadway Engineer Intern,"Norcross, GA"
ZF,4.0,Learning and Evaluation Implementation Internship,"Boston, MA"
Rapsodo,3.8,Maintenance Intern,"Marysville, MI"
Playfly Sports,4.2,"Customer Experience Intern, Diamond Sports","Saint Louis, MO"
Perfetti Van Melle,3.7,Gameday/ Property Intern (UCF Sports Property),Florida
Walmart,3.5,Research and Development Process Intern,"Erlanger, KY"
Princeton University,5.0,2025 Summer Undergraduate Intern: Walmart Merchandising,"Bentonville, AR"
Worthington Enterprises,2.9,Next Generation Internship Coordinator - Temporary,"Princeton, NJ"
Alameda County Water District,3.1,Internal Audit Intern,"Columbus, OH"
Schneider Electric,3.8,Water Production Intern,"Fremont, CA"
STERIS,3.8,Logistics Engineer CO-OP (Spring 2025),"Mechanicsburg, PA"
TikTok,4.1,"Health, Safety, and Environmental Intern","Mentor, OH"
Meher Trailer Products PTY LTD,2.7,QA Engineer Intern (TikTok Growth) - 2025 Summer (BS/MS),"San Jose, CA"
"Amkor Technology, Inc.",3.9,Finance ERP Intern,"Rolling Meadows, IL"
RippleMatch Opportunities,3.7,"Intern, Product Engineer","Tempe, AZ"
AltCap,3.9,"GSK - Fall Co-op / CIVM-Biology, application via RippleMatch","Providence, Delaware, PA"
"CTL Aerospace, Inc.",3.7,Communications Team Intern,"Kansas City, MO"
Black Hills Federal Credit Union,3.6,Quality Control Engineering Intern,"Cincinnati, OH"
Bank of America,3.2,College Marketing Intern,"Rapid City, SD"
InnoPhase IoT,4.1,Strategy & Management Summer Associate Program - 2025,"Boston, MA"
Regis College,4.0,Product Test Engineer – Summer Internship,"San Diego, CA"
Global Refuge,3.6,Graduate Intern for LGBTQ+ Initiatives,"Weston, MA"
Bank of China,4.0,Children and Family Services Macro Intern,"Detroit, MI"
KeyBank,3.2,CRM Credit Analyst I Intern,United States
RippleMatch Opportunities,3.5,2025 Summer Risk Management Internship Program - Cleveland,"Cleveland, OH"
BlueScope Coated Products,3.5,"Apex Fintech Solutions - Procurement Analytics Intern, application via RippleMatch","Chicago, IL"
"Alan B. Lancz and Associates, Inc.",4.1,Engineer Intern,"Marietta, GA"
Eutelsat,4.2,Financial Internships,"Toledo, OH"
Four Roses Distillery LLC,4.1,Career Opportunities: Monitoring Engineer (internship) (5267),Idaho
The City of Fort Worth,4.0,Quality Engineer Intern - Cox's Creek,"Coxs Creek, KY"
Trinity Global Institute,2.8,Intern - Budget Fellowship,"Fort Worth, TX"
Michigan State Athletics,3.7,Paid Marketing Intern,"Orlando, FL"
Schneider Electric,3.3,Student Engagement Post-Grad Internship – Marketing and Fan Engagement,"East Lansing, MI"
AFM - American Flowform and Machining,4.1,Manufacturing Engineering Internship: Fall 2024,"Lexington, KY"
Smith System Manufacturing,3.6,Internship - Supply Chain,"Billerica, MA"
Dolby,3.8,Manufacturing Engineering Intern,United States
pSemi,2.9,PhD Multimodal AI Intern,"San Francisco, CA"
Dexter Axle,3.3,"Intern, Characterization Process Technology - Summer 2024",United States
Albany International Corp.,4.0,Roadway Intern,"Miami, FL"
Lawrence Livermore National Laboratory,3.8,Product Development Intern - R&D,"Saint Stephen, SC"
First Horizon Group,3.9,Materials Engineering Division Undergraduate Intern - Fall 2024,"Livermore, CA"
Recovery Resources,1.0,Sales Representative,"Seattle, WA"
Babcock & Wilcox,4.0,Prevention Specialist Intern,"Cleveland, OH"
Paytique Financial,3.6,Generative AI Imaging Creation Intern,"Akron, OH"
Digital Plus Solutions,3.7,Marketing and Business Development Intern,"Brooklyn, NY"
Schneider Electric,4.1,Digital Marketing Intern,"Kansas City, MO"
Worthington Steel,3.5,"Safety, Health & Environment Intern: Fall 2024","Chino, CA"
GE Vernova Leadership Programs,4.0,Electrical Controls Engineer Intern - TWB Monroe,"Monroe, MI"
EMD Electronics,4.0,GE Vernova Digital Technology Internship - Summer 2025,"Schenectady, NY"
Continental,4.0,Regulatory Safety Co-op,"Branchburg, NJ"
University of Florida,4.3,"Intern - Logistics Analyst, Year-Round","Fort Mill, SC"
GE Aviation,3.6,Smathers Undergraduate Internship in Collections,"Gainesville, FL"
Western & Southern Financial Group,3.5,GE Aerospace Engineering Engines Computer or Software Engineering Intern - Fall 2025,"Evendale, OH"
Occams Group,3.9,College Intern - Actuary,"Cincinnati, OH"
Nashville Soccer Club,3.4,"Entry Level, Paid Internship: Recruitment, Commercial Accounts","Columbia, MD"
Tetra Tech,3.4,Sports Science Intern (Fall 2024)- College Credit Only,"Nashville, TN"
Landis Gyr,4.0,Financial Management Team Intern,"Arlington, VA"
University of Massachusetts Office of the President,3.9,Product Internship - E-Mobility,"Alpharetta, GA"
Kimley-Horn,3.1,Intern – Institutional Research,"Boston, MA"
Dolby,3.8,"Summer 2025 Mars Petcare Supply Chain Transportation Operations Center Internship - Franklin, TN","Franklin, TN"
Stand Together,3.2,Multimodal Perception Science Intern (Fall 24),"San Francisco, CA"
Advent Prestige Care,3.4,KIP Fall 2024 - Intern - The Cato Institute,"Arlington, VA"
PowerMarket,3.7,Mental Health Therapist,"Fort Pierce, FL"
RELQ TECHNOLOGIES LLC,3.8,Community Solar Operations Intern,"New York, NY"
IDEA Public Schools,3.7,Data Architect,Florida
BlocPower,3.9,Intern - Technology Operations (Immediate Opening),"Weslaco, TX"
Weber State University,4.0,Clean Energy Intern,"Ithaca, NY"
Mayor's Office of Contract Services,4.2,MARS Intern,"Ogden, UT"
Casey Peterson,3.2,Service Desk Operations Intern,United States
Continental,4.4,INTERNS,United States
Alabama State University & ALDOT,3.5,Intern - eCommerce,"Fairlawn, OH"
New York City Housing Development Corporation,3.3,Paid Internship (IT),"Montgomery, AL"
Westminster University,2.9,Strategic Operations Intern,United States
"Graphic Packaging International, Inc.",3.5,GSLI Internship- Brine Fly Monitoring,"Salt Lake City, UT"
Cincy Grind,3.3,Engineering Intern IV,"West Monroe, LA"
Charlotte County Board of County Commissioners,3.5,Management Trainee,"Cincinnati, OH"
The MITRE Corporation,4.1,INTERNSHIPS-Charlotte County Engineering,"Punta Gorda, FL"
Community Resource Center,4.1,"Systems, Mechanical, or Aerospace Internships","Bedford, MA"
La Encantada Diversity Equity & Inclusion,3.5,Nonprofit Grant Research & Development Internship (August,"Denver, CO"
SRG Global,4.7,"Diversity, Equity, and Inclusion (DEI) / Employee Engagement Intern","McAllen, TX"
Libbey,2.9,SRG Global Supply Chain Co-Op,"Newbern, TN"
Navy Federal Credit Union,3.3,Marketing Internship (Fall 2024),"Toledo, OH"
City of Greeley,3.6,Intern - Year Round (Lending Strategy and Operations),"Pensacola, FL"
Voith Group,3.3,Source Water Quality Intern II/III,"Greeley, CO"
KeyBank,3.0,HRIS Intern,"York, PA"
Bank of America,4.1,2025 Summer Marketing Internship Program - Cleveland,"Brooklyn, OH"
"Natural Resources Defense Council, Inc.",4.2,Enterprise Credit Summer Analyst Program 2025 - Consumer Credit,"Phoenix, AZ"
Whimsy Stick,4.0,Fall E2 Diversity in Clean Energy Intern,"Washington, DC"
Levy,3.6,Marketing Expert - Facebook Ads Management,"Manor, TX"
Align Social Impact,4.2,E-15 Internship- Indiana University,"Bloomington, IN"
Bank of China,3.9,Research & Partnerships Fellow,United States
"Geosyntec Consultants, Inc.",3.9,Internal Audit Department Advanced Analytics for Audit Intern,United States
Columbus Zoo Family of Parks,3.5,Intern / Co-Op Environmental Science/Engineering,"Worthington, OH"
Berkley,4.0,Ecology Apprenticeship at The Wilds,"Cumberland, OH"
Johnson Controls International,4.3,Communications Coordinator,"Manassas, VA"
Greenwich Commodities LLC,4.2,Continuous Improvement Analyst Intern,"Baltimore, MD"
Dolby,4.7,Power Trading Analyst,"Denver, CO"
Sul Ross State University,3.5,PhD Image Capture Intern,"Sunnyvale, CA"
Tower Semiconductor,4.1,"Dev Team Intern, Title III Internship Program","Alpine, TX"
Avfuel Corporation,3.6,Yield Engineer Intern,"Newport Beach, CA"
inStorify,2.8,Tax Internship,"Ann Arbor, MI"
BCC Engineering,4.3,[Fall internship Program - VC Backed Startup] Marketing & Business Development,"New York, NY"
University of Utah Health,3.7,CEI Intern,"Cumming, GA"
Association of Public Health Laboratories,4.0,Energy Accelerator Student Intern,"Salt Lake City, UT"
Los Alamos National Laboratory,3.8,"Intern, Infectious Diseases","Bethesda, MD"
OFI,4.7,Graduate Student ST 1,"Los Alamos, NM"
InterWorks,4.0,Engineering Intern,"Boardman, OR"
Atlantis IT group,3.2,Employee Experience Intern,"Stillwater, OK"
General Mills,3.7,RBI/Inspection SME,Oklahoma
Thrivent,4.1,Internship - Research & Development Food Scientist,"Golden Valley, MN"
PRICE WATERHOUSE COOPERS,2.6,Actuarial Intern - Summer 2025,"Minneapolis, MN"
Loon,4.2,Tax Financial Markets & Real Estate (FMRE) Intern - Winter 2025,"Miami, FL"
John A. Knutson & Co.,3.2,"PhD Residency - ML / SWE, Early Moonshots","Mountain View, CA"
City of Deerfield Beach,3.9,2025 Winter 1040 Internship,"Falcon Heights, Ramsey, MN"
Marriott Vacations Worldwide,3.6,Intern-Community Services,"Deerfield Beach, FL"
NBCUniversal,3.2,"New Owner Administration Internship (Power BI) - Orlando, FL","Lakeland, FL"
Anders CPAs + Advisors,3.5,NBC Boston Digital News Intern - Fall 2024,"Needham, MA"
City of Virginia Beach,5.0,State and Local Tax Intern - Fall 2024,"Saint Louis, MO"
Frankel,3.6,City of Virginia Beach SkillBridge,"Virginia Beach, VA"
Port City Executives,3.1,Client Services Internship - 2024,"Omaha, NE"
Cummins Inc.,2.9,Account Representative Entry Level,"Grand Rapids, MI"
Corcentric,4.3,School to Work - ePowertrain Controls,"Troy, MI"
BCT LLC,4.0,"Intern, Business Process Analyst, Managed Services","Cherry Hill, NJ"
Volvo Group,3.9,Data Management Specialist (DMS) 2 (SRN),"Fort Meade, MD"
State of Nebraska,4.1,Co-Op: Manufacturing Engineering (Spring 2025),"Hagerstown, MD"
Emkat inc,4.1,SOS Audit Intern,"Lincoln, NE"
The Ohio State University,3.4,Administrator,"North Chelmsford, MA"
The Laney Consulting Agency,3.6,College Intern - Transit Technical Services,"Santa Ana, CA"
EQUITAS Life Sciences,1.0,Digital Marketing Internship,"Culver City, CA"
Perfetti Van Melle,3.3,Life Sciences Consulting Internship,"Essex Junction, VT"
Whimsy Stick,4.1,Packaging Engineer Intern/Co-op,"Erlanger, KY"
AbbVie,3.7,Landing Page Designer/Developer,"Manor, TX"
US Federal Highway Administration,3.1,2025 Finance Externship,"North Chicago, IL"
Western Digital,3.7,PATHWAYS STUDENT INTERN (Transportation Specialist),"Honolulu, HI"
Iron Mountain,4.4,Media Tribology Ph.D. Internship,"San Jose, CA"
University of Massachusetts Medical School,3.7,Data Center Internship Role,"Phoenix, AZ"
Yusen Logistics,5.0,"Applied Public Policy Scholarly Project Graduate Intern (hybrid - Quincy, MA)","Shrewsbury, MA"
Chartwells Higher Education,4.3,Financial Analyst Intern,"Secaucus, NJ"
NBCUniversal,4.4,"Digital Marketing Intern, Chartwells Higher Ed + Boost / Worcester State University","Worcester, MA"
Cipla,4.0,Universal Destinations & Experiences Fall 2024 Internship - Business Analytics & Industrial Engineering - Halloween Horror Nights,"Universal City, CA"
Panicle INC,4.0,Pilot Plant Documentation Intern,"Fall River, MA"
CVS Health,3.4,Newark Creative Marketing and Copywriting Intern,"Newark, NJ"
Fenstermaker,3.7,Pharmacy Growth and Innovation Corporate Intern (Graduate) – Summer 2025,"Woonsocket, RI"
NBCUniversal,3.9,Civil Engineer Intern,"Lafayette, LA"
